{"intents":[{"name":"MakeAppointment","samples":["I would like to book an appointment","Book an appointment","Book a {AppointmentType}"],"slots":[{"name":"Age","type":"AMAZON.NUMBER","samples":["Am {Age}","I am {Age}","I am {Age} years old","My age is {Age}"]},{"name":"AppointmentType","type":"AppointmentTypeValue","samples":["I would like a {AppointmentType}"]},{"name":"Date","type":"AMAZON.DATE","samples":[]},{"name":"Gender","type":"GenderValues","samples":["I am {Gender}","Am {Gender}","My gender is {Gender}"]},{"name":"Name","type":"AMAZON.US_FIRST_NAME","samples":["My name is {Name}","I am {Name}","Am {Name}","People call me {Name}","Everyone calls me {Name}"]},{"name":"Time","type":"AMAZON.TIME","samples":[]}]}],"types":[{"name":"GenderValues","values":[{"name":{"value":"Male","synonyms":[]}},{"name":{"value":"Female","synonyms":[]}}]},{"name":"AppointmentTypeValue","values":[{"name":{"value":"cleaning","synonyms":[]}},{"name":{"value":"whitening","synonyms":[]}},{"name":{"value":"root canal","synonyms":[]}}]}],"prompts":[{"id":"Confirm.Intent-MakeAppointment","promptVersion":"1.0","definitionVersion":"1.0","variations":[{"type":"PlainText","value":"{Time} is available, should I go ahead and book your appointment?"},{"type":"PlainText","value":"[formattedTime] is available, should I go ahead and book your {AppointmentType}?"}]},{"id":"Elicit.Intent-MakeAppointment.IntentSlot-Age","promptVersion":"1.0","definitionVersion":"1.0","variations":[{"type":"PlainText","value":"{Name}, please tell me your age?"}]},{"id":"Elicit.Intent-MakeAppointment.IntentSlot-AppointmentType","promptVersion":"1.0","definitionVersion":"1.0","variations":[{"type":"PlainText","value":"Thanks for sharing, {Name}. What type of appointment would you like to schedule?"},{"type":"PlainText","value":"Got you, {Name}. What type of appointment would you like to schedule?"},{"type":"PlainText","value":"Thanks {Name}, I have noted it down. What type of appointment would you like to schedule?"}]},{"id":"Elicit.Intent-MakeAppointment.IntentSlot-Date","promptVersion":"1.0","definitionVersion":"1.0","variations":[{"type":"PlainText","value":"When should I schedule your appointment?"},{"type":"PlainText","value":"When should I schedule your {AppointmentType}?"},{"type":"PlainText","value":"{Time} on what day?"},{"type":"PlainText","value":"A {AppointmentType} will take about [ExpectedDuration] minutes. What day works best for you?"}]},{"id":"Elicit.Intent-MakeAppointment.IntentSlot-Gender","promptVersion":"1.0","definitionVersion":"1.0","variations":[{"type":"PlainText","value":"Name}, please tell me your gender?"},{"type":"PlainText","value":"{Name}, would you mind telling me your gender?"}]},{"id":"Elicit.Intent-MakeAppointment.IntentSlot-Name","promptVersion":"1.0","definitionVersion":"1.0","variations":[{"type":"PlainText","value":"Please tell me your name?"}]},{"id":"Elicit.Intent-MakeAppointment.IntentSlot-Time","promptVersion":"1.0","definitionVersion":"1.0","variations":[{"type":"PlainText","value":"At what time should I schedule your appointment?"},{"type":"PlainText","value":"At what time do you want to schedule the {AppointmentType}?"},{"type":"PlainText","value":"At what time on {Date}?"}]}],"dialog":{"version":"1.0","intents":[{"name":"MakeAppointment","confirmationRequired":true,"prompts":{"confirm":"Confirm.Intent-MakeAppointment"},"slots":[{"name":"Age","type":"AMAZON.NUMBER","elicitationRequired":true,"confirmationRequired":false,"prompts":{"elicit":"Elicit.Intent-MakeAppointment.IntentSlot-Age"}},{"name":"AppointmentType","type":"AppointmentTypeValue","elicitationRequired":true,"confirmationRequired":false,"prompts":{"elicit":"Elicit.Intent-MakeAppointment.IntentSlot-AppointmentType"}},{"name":"Date","type":"AMAZON.DATE","elicitationRequired":true,"confirmationRequired":false,"prompts":{"elicit":"Elicit.Intent-MakeAppointment.IntentSlot-Date"}},{"name":"Gender","type":"GenderValues","elicitationRequired":true,"confirmationRequired":false,"prompts":{"elicit":"Elicit.Intent-MakeAppointment.IntentSlot-Gender"}},{"name":"Name","type":"AMAZON.US_FIRST_NAME","elicitationRequired":true,"confirmationRequired":false,"prompts":{"elicit":"Elicit.Intent-MakeAppointment.IntentSlot-Name"}},{"name":"Time","type":"AMAZON.TIME","elicitationRequired":true,"confirmationRequired":false,"prompts":{"elicit":"Elicit.Intent-MakeAppointment.IntentSlot-Time"}}]}]}}